email,website,password
['grhgrgrf@gmail.com'],['www.brih.com'],omegalul
['grhgrgrf@gmail.com'],['www.brih.com'],omegalul
['grhgrgrf@gmail.com'],['www.brih.com'],omegalul
['grhgrgrf@gmail.com'],['www.brih.com'],omegalul
['grhgrgrf@gmail.com'],['www.brih.com'],omegalul
['grhgrgrf@gmail.com'],['www.brih.com'],omegalul
['grhgrgrf@gmail.com'],['www.brih.com'],omegalul
['grhgrgrf@gmail.com'],['www.brih.com'],omegalul
['grhgrgrf@gmail.com'],['www.brih.com'],omegalul
['grhgrgrf@gmail.com'],['www.brih.com'],omegalul
['grhgrgrf@gmail.com'],['www.brih.com'],omegalul
['grhgrgrf@gmail.com'],['www.brih.com'],omegalul
['grhgrgrf@gmail.com'],['www.brih.com'],omegalul
['grhgrgrf@gmail.com'],['www.brih.com'],omegalul
['grhgrgrf@gmail.com'],['www.brih.com'],omegalul
['grhgrgrf@gmail.com'],['www.brih.com'],omegalul
