种,type; breed; race; seed,zhǒng,[sound:种.mp3]
终于,at last; in the end; finally,zhōng yú,[sound:终于.mp3]
拿,carry in your hand; seize; to catch,ná,[sound:拿.mp3]
突然,sudden; abrupt,tū rán,[sound:突然.mp3]
向,direction; towards; to turn; to face,xiàng,[sound:向.mp3]
短,"short (in length, duration, or height); lack",duǎn,[sound:短.mp3]
离开,leave; depart,lí kāi,[sound:离开.mp3]
欢迎,to welcome; greet,huān yíng,[sound:欢迎.mp3]
楼,story; floor; (multi-story) building (noun),lóu,[sound:楼.mp3]
极,an extreme; pole; very,jí,[sound:极.mp3]
矮,short; low,ǎi,[sound:矮.mp3]
方便,convenient,fāng biàn,[sound:方便.mp3]
动物,animal,dòng wù,[sound:动物.mp3]
借,lend; borrow; excuse,jiè,[sound:借.mp3]
变化,change,biàn huà,[sound:变化.mp3]
打算,to intend/intend&nbsp;,dǎ suàn,[sound:打算.mp3]
季节,season; time; period,jì jié,[sound:季节.mp3]
冰箱,refrigerator,bīng xiāng,[sound:冰箱.mp3]
搬,to move; to transport,bān,[sound:搬.mp3]
客人,guest; customer,kè rén,[sound:客人.mp3]
打扫,to clean; to sweep,dǎ sǎo,[sound:打扫.mp3]
盘子,plate; dish; tray,pán zi,[sound:盘子.mp3]
黄河,The Yellow River,huáng hé,[sound:黄河.mp3]
刮风,windy; to blow (wind),guā fēng,[sound:刮风.mp3]
而,on the other hand/and/but/yet,ér,[sound:而.mp3]
却,but; yet; however,què,[sound:却.mp3]
永远,forever; eternal; always,yǒng yuǎn,[sound:永远.mp3]
内,inside; inner; internal; within,nèi,[sound:内.mp3]
成为,To become; turn into,chéng wéi,[sound:成为.mp3]
场,"courtyard; place; field; (mw for games, performances, storm ect)",chǎng,[sound:场.mp3]
价格,price,jià gé,[sound:价格.mp3]
敢,to dare,gǎn,[sound:敢.mp3]
香,fragrant; savory,xiāng,[sound:香.mp3]
坚持,persist in; persevere,jiān chí,[sound:坚持.mp3]
光,light; ray; bright; only; merely; used up,guāng,[sound:光.mp3]
肯定,undoubtedly/definitely/It's must be that...,Kěn dìng,[sound:肯定.mp3]
深,deep; profound; dark (of colors),shēn,[sound:深.mp3]
醒,wake up/sober up/regain consciousness,xǐng,[sound:醒.mp3]
低,low; to lower (one's head); droop,dī,[sound:低.mp3]
进行,carry on; carry out; undertake,jìn xíng,[sound:进行.mp3]
是否,whether (or not)/if (formal 是不是）,shì fǒu,[sound:是否.mp3]
回忆,to recall/recollect/memories,huí yì,[sound:回忆.mp3]
本来,originally; at first,běn lái,[sound:本来.mp3]
乱,messy/disorderly,luàn,[sound:乱.mp3]
破,broken; damaged; to split,pò,[sound:破.mp3]
取,take off accessory (with 下 polite)/to take/get/choose,qǔ,[sound:取.mp3]
实在,honestly/truly/really,shí zài,[sound:实在.mp3]
左右,about; approximate; around,zuǒ yòu,[sound:左右.mp3]
记者,reporter; journalist,jì zhě,[sound:记者.mp3]
云,cloud/(say; speak),yún,[sound:云.mp3]
计划,plan; project (a calculated plan),jì huà,[sound:计划.mp3]
超过,surpass; exceed; outstrip,chāo guò,[sound:超过.mp3]
厚,thick (for flat things); generous,hòu,[sound:厚.mp3]
理想,aspiration/ideal,lǐ xiǎng,[sound:理想.mp3]
十分,very; fully; 100%,shí fēn,[sound:十分.mp3]
质量,quality; mass (physics),zhì liàng,[sound:质量.mp3]
差不多,almost; about the same,chà bu duō,[sound:差不多.mp3]
警察,police,jǐng chá,[sound:警察.mp3]
桥,bridge,qiáo,[sound:桥.mp3]
聚会,hold a meeting; get together; a party,jù huì,[sound:聚会.mp3]
危险,danger; dangerous; perilous,wēi xiǎn,[sound:危险.mp3]
仍然,still; yet (formal),réng rán,[sound:仍然.mp3]
脱,to take off clothes/to escape/to shed,tuō,[sound:脱.mp3]
演员,actor or actress; performer,yǎn yuán,[sound:演员.mp3]
寄,send by mail,jì,[sound:寄.mp3]
招聘,recruitment; take job applications for a job,zhāo pìn,[sound:招聘.mp3]
然而,however; yet; but (formal),rán ér,[sound:然而.mp3]
日记,diary,rì jì,[sound:日记.mp3]
葡萄,grape,pú tao,[sound:葡萄.mp3]
钥匙,key,yào shi,[sound:钥匙.mp3]
尤其,particularly,yóu qí,[sound:尤其.mp3]
暖和,warm; nice and warm,nuǎn huo,[sound:暖和.mp3]
顾客,customer; client,gù kè,[sound:顾客.mp3]
脏,filthy; dirty,zāng,[sound:脏.mp3]
尝,to taste; flavor; (past tense marker),cháng,[sound:尝.mp3]
参观,"to visit (a place, such as a tourist spot)/inspect/to look around",cān guān,[sound:参观.mp3]
付款,to pay,fù kuǎn,[sound:付款.mp3]
长江,The Yangtze River,cháng jiāng,[sound:长江.mp3]
打印,to print,dǎ yìn,[sound:打印.mp3]
大使馆,embassy,dà shǐ guǎn,[sound:大使馆.mp3]
售货员,salesclerk; shop assistant,shòu huò yuán,[sound:售货员.mp3]
打折,sell at a discount,dǎ zhé,[sound:打折.mp3]
居然,suprisingly/unexpectedly/go so far as to (used after subject),jū rán,[sound:居然.mp3]
梦想,dream; wishful thinking,mèng xiǎng,[sound:梦想.mp3]
淡,plain(without salt)/diluted/weak/,dàn,[sound:淡.mp3]
狮子,lion,shī zi,[sound:狮子.mp3]
疯狂,crazy; madness; wild; extreme popularity; insane; frenzied; unbridled,fēng kuáng,[sound:疯狂.mp3]
愿望,wish,yuàn wàng,[sound:愿望.mp3]
雷,thunder,léi,[sound:雷.mp3]
暗,dark; gloomy; hidden; secret,àn,[sound:暗.mp3]
天空,sky; space; heavens,tiān kōng,[sound:天空.mp3]
臭,smelly/stench/stink,chòu,[sound:臭.mp3]
持续,continue/continous/persist,chí xù,[sound:持续.mp3]
朝,to face; towards; dynasty,cháo,[sound:朝.mp3]
盆,basin; (flower) pot,pén,[sound:盆.mp3]
硬,hard; stiff; obstinately,yìng,[sound:硬.mp3]
主人,master; host; owner,zhǔ rén,[sound:主人.mp3]
反而,on the contrary/instead,fǎn ér,[sound:反而.mp3]
婚礼,wedding ceremony,hūn lǐ,[sound:婚礼.mp3]
至于,as for; go so far as to,zhì yú,[sound:至于.mp3]
答应,to promise/agree,dā ying,[sound:答应.mp3]
巨大,immense; enormous; very large,jù dà,[sound:巨大.mp3]
浅,shallow; simple; superficial; light (of colors),qiǎn,[sound:浅.mp3]
牛仔裤,jeans; cowboy pants,niú zǎi kù,[sound:牛仔裤.mp3]
不得了,extremely; very; terribly; my god! (expression of surprise),bù dé liǎo,[sound:不得了.mp3]
摘,"to take off accessories (informal with 下)/to pick (flowers, fruit, etc.); to pluck; to take; to borrow",zhāi,[sound:摘.mp3]
尾巴,tail,wěi ba,[sound:尾巴.mp3]
显然,obviously/clear/evidently,xiǎn rán,[sound:显然.mp3]
退休,to retire/retirement (from work),tuì xiū,[sound:退休.mp3]
大象,elephant,dà xiàng,[sound:大象.mp3]
闪电,lightning,shǎn diàn,[sound:闪电.mp3]
沙漠,desert,shā mò,[sound:沙漠.mp3]
着火,catch fire; ignite,zháo huǒ,[sound:着火.mp3]
预报,to predict; forecast,yù bào,[sound:预报.mp3]
劳驾,excuse me,láo jià,[sound:劳驾.mp3]
羽绒服,down jacket,yǔ róng fú,[sound:羽绒服.mp3]
要命,cause somebody's death; very; extremely; frighteningly; annoyance,yào mìng,[sound:要命.mp3]
漫长,very long; endless,màn cháng,[sound:漫长.mp3]
布置,arrange; decorate; decoration,bù zhì,[sound:布置.mp3]
旗袍,qi pao/cheongsam/Chinese-style dress,qí páo,[sound:旗袍.mp3]
北极,the North Pole,běi jí,[sound:北极.mp3]
沼泽,marsh; swamp; glade; wetlands,zhǎo zé,[sound:沼泽.mp3]
你饭做好了吗,Are you done cooking?,Nǐ fàn zuò hǎo le ma,[sound:你饭做好了吗.mp3]
亲戚,Relative (family),qīn qi,[sound:亲戚.mp3]
中国人有很多亲戚,Chinese people have lots of relatives,zhōng guó rén yǒu hěn duō qīn qi,[sound:中国人有很多亲戚.mp3]
母亲,Mother (formal),mǔ qīn,[sound:母亲.mp3]
父亲,Father (formal),fù qīn,[sound:父亲.mp3]
外公,Mother's father&nbsp;,wài gōng,[sound:外公.mp3]
外婆,Mother's mother,wài pó,[sound:外婆.mp3]
兄弟,Brothers,xiōng dì,[sound:兄弟.mp3]
姐妹,Sisters,jiě mèi,[sound:姐妹.mp3]
叔叔,Father's younger brother,shū shu,[sound:叔叔.mp3]
伯伯,Father's older brother,bó bo,[sound:伯伯.mp3]
姑姑,"Father's sisters (aunt, inc in-laws)",gū gu,[sound:姑姑.mp3]
阿姨,"Mother's sister (aunt, inc in-laws)",ā yí,[sound:阿姨.mp3]
舅舅,Mother's brothers,jiù jiu,[sound:舅舅.mp3]
家庭,family;household,jiā tíng,[sound:家庭.mp3]
阿姨舅舅都是来自母亲家庭的亲戚,Mother's sister Mother's brother are all relatives from Mother's family,ā yí jiù jiu dōu shì lái zì mǔ qīn jiā tíng de qīn qi,[sound:阿姨舅舅都是来自母亲家庭的亲戚.mp3]
你的亲戚多吗,Do you have many relatives?,nǐ de qīn qi duō mǎ,[sound:你的亲戚多吗.mp3]
来自,to come from,lái zì,[sound:来自.mp3]
表姐,Older female cousin from mother's side,biǎo jiě,[sound:表姐.mp3]
表哥,Older male cousin from mother's side,biǎo gē,[sound:表哥.mp3]
我属兔,I am a rabbit (chinese zodiac),wǒ shǔ tù,[sound:我属兔.mp3]
礼物,Gift;present,lǐ wù,[sound:礼物.mp3]
我为你准备了礼物,I prepared gifts for you,wǒ wéi nǐ zhǔn bèi le lǐ wù,[sound:我为你准备了礼物.mp3]
一本关于龙的书,A book about dragons,yī běn guān yú lóng de shū,[sound:一本关于龙的书.mp3]
一定,"absolutely,surely",yī dìng,[sound:一定.mp3]
他们一定会喜欢我的礼物,They will absolutely like my gifts,tā men yī dìng huì xǐ huan wǒ de lǐ wù,[sound:他们一定会喜欢我的礼物.mp3]
周末,The weekend,zhōu mò,[sound:周末.mp3]
我们一定会度过一个愉快的周末,We will absolutely have a happy weekend,wǒ men yī dìng huì dù guò yī gè yú kuài de zhōu mò,[sound:我们一定会度过一个愉快的周末.mp3]
做客,To be a guest/visitor,zuò kè,[sound:做客.mp3]
他们明天将来我家做客,They will come to my home for a visit tomorrow,tā men míng tiān jiāng lái wǒ jiā zuò kè,[sound:他们明天将来我家做客.mp3]
将来,in the distant future,jiāng lái,[sound:将来.mp3]
度过,spend(time); to pass,dù guò,[sound:度过.mp3]
周末愉快,Have a good weekend,zhōu mò yú kuài,[sound:周末愉快.mp3]
旅途愉快,Have a good trip,lǚ tú yú kuài,[sound:旅途愉快.mp3]
邻居,Neighbor,lín jū,[sound:邻居.mp3]
帅,Handsome/good-looking,shuài,[sound:帅.mp3]
小伙子,Young man/lad,xiǎo huǒ zi,[sound:小伙子.mp3]
热情,enthusiastic/warm,rè qíng,[sound:热情.mp3]
幽默,humourous/humour,yōu mò,[sound:幽默.mp3]
姑娘,young woman/girl (colloqial),gū niang,[sound:姑娘.mp3]
笨,dumb/silly/foolish,bèn,[sound:笨.mp3]
懒,Lazy,lǎn,[sound:懒.mp3]
认真,dedicated/serious/earnest,rèn zhēn,[sound:认真.mp3]
严格,Strict/rigorous,yán gé,[sound:严格.mp3]
勤奋,hard-working/diligent,qín fèn,[sound:勤奋.mp3]
挑剔,picky/fussy,tiāo ti,[sound:挑剔.mp3]
你的朋友是一个怎么样的人,What is your friend like (what kind of person),nǐ de péng you shì yī gè zěn yàng de rén,[sound:你的朋友是一个怎么样的人.mp3]
小林又高又帅,Xiao Lin is tall and handsome,xiǎo lín yòu gāo yòu shuài,[sound:小林又高又帅.mp3]
小林是一个又高又帅的小伙子,Xiao lin is a tall and handsome young man,xiǎo lín shì yī gè yòu gāo yòu shuài de xiǎo huǒ zi,[sound:小林是一个又高又帅的小伙子.mp3]
老王是一位热情幽默的先生,Lao Wang is a enthusiastic and humourous gentleman,lǎo wáng shì yī wèi rè qíng yōu mò de xiān sheng,[sound:老王是一位热情幽默的先生.mp3]
丽丽聪明漂亮,Lili is smart (and) pretty,lì lì cōng ming piào liang,[sound:丽丽聪明漂亮.mp3]
丽丽是一个聪明漂亮的姑娘,"Lili is a smart, pretty young woman",lì lì shì yī gè cōng ming piào liang de gū niang,[sound:丽丽是一个聪明漂亮的姑娘.mp3]
小李是一个又懒又笨的孩子,Xiao Li is a lazy and dumb kid,xiǎo lǐ shì yī gè yòu lǎn yòu bèn de hái zi,[sound:小李是一个又懒又笨的孩子.mp3]
马老是一位认真严格的老师,Ma Lao is a dedicated (and) strict teacher,mǎ lǎo shi yī wèi rèn zhēn yán gé de lǎo shī,[sound:马老是一位认真严格的老师.mp3]
唠叨,to nag/nagging/be talkative,láo dao,[sound:唠叨.mp3]
杂志,magazine,zá zhì,[sound:杂志.mp3]
笔记本,notebook,bǐ jì běn,[sound:笔记本.mp3]
橡皮,rubber; an eraser,xiàng pí,[sound:橡皮.mp3]
矿泉水,mineral water,kuàng quán shuǐ,[sound:矿泉水.mp3]
盒子,box,hé zi,[sound:盒子.mp3]
门口,"doorway,gate",mén kǒu,[sound:门口.mp3]
幅,"width of cloth; size; (mw for pictures, paintings, textiles)",fú,[sound:幅.mp3]
挂,hang; put up; suspend,guà,[sound:挂.mp3]
墙,wall,qiáng,[sound:墙.mp3]
棵,(mw for plants),kē,[sound:棵.mp3]
树,tree,shù,[sound:树.mp3]
种花,to plant flowers,zhòng huā,[sound:种花.mp3]
院子,yard (garden),yuàn zi,[sound:院子.mp3]
垃圾桶,garbage/trash can,lā jī tǒng,[sound:垃圾桶.mp3]
孩子长高了,The kid grew taller,hái zi zhǎng&nbsp;gāo le,[sound:孩子长高了.mp3]
裙子太长了,The dress is too long,qún zi tài cháng le,[sound:裙子太长了.mp3]
词典,dictionary,cí diǎn,[sound:词典.mp3]
这是我喝的矿泉水,This is the mineral water i drink,zhè shì wǒ hē de kuàng quán shuǐ,[sound:这是我喝的矿泉水.mp3]
放在厨房里的垃圾桶是灰色的,The trash can that was put in the kitchen is gray,fàng zài chú fáng lǐ de lā jī tǒng shì huī sè de,[sound:放在厨房里的垃圾桶是灰色的.mp3]
这个盒子被放在门口了,This box was left at the door,zhè ge hé zi bèi fàng zài mén kǒu le,[sound:这个盒子被放在门口了.mp3]
他写了这本词典,He wrote this dictionary,tā xiě le zhè běn cí diǎn,[sound:他写了这本词典.mp3]
这些是弟弟买的铅笔橡皮和笔记本,"These are the pencils,erasers and notebooks (my) younger brother bought",zhè xiē shì dì di mǎi de qiān bǐ xiàng pí hé bǐ jì běn,[sound:这些是弟弟买的铅笔橡皮和笔记本.mp3]
放在门口的盒子里有一个生日蛋糕,There is a birthday cake in the box that was left at the door,fàng zài mén kǒu de hé zi lǐ yǒu yī gè shēng rì dàn gāo,[sound:放在门口的盒子里有一个生日蛋糕.mp3]
这是她看的杂志,This is the magazine she reads,zhè shì tā kān de zá zhì,[sound:这是她看的杂志.mp3]
这幅画被挂在墙上了,This painting was hung on the wall,zhè fú huà bèi guà zài qiáng shàng le,[sound:这幅画被挂在墙上了.mp3]
种在院子里的树长高了,The tree planted in the yard grew taller,zhòng&nbsp;zài yuàn zi lǐ de shù zhǎng&nbsp;gāo le,[sound:种在院子里的树长高了.mp3]
这个垃圾桶被放在厨房里了,This trash can was put in the kitchen,zhè ge lā jī tǒng bèi fàng zài chú fáng lǐ le,[sound:这个垃圾桶被放在厨房里了.mp3]
挂在墙上的画儿是妹妹的画儿,The painting hanging on the wall is (my) younger sister's painting,Guà zài qiáng shàng de huà er shì mèi mei de huà er,[sound:挂在墙上的画儿是妹妹的画儿.mp3]
这是他写的词典,This is the dictionary that he wrote,zhè shì tā xiě de cí diǎn,[sound:这是他写的词典.mp3]
这棵树被种在院子里了,This tree was planted in the yard,zhè kē shù bèi zhòng&nbsp;zài yuàn zi lǐ le,[sound:这棵树被种在院子里了.mp3]
住,To live somewhere,Zhù,[sound:住.mp3]
郊区,Suburb,Jiāo qū,[sound:郊区.mp3]
城里,City,Chéng lǐ,[sound:城里.mp3]
热闹,Bustling/lively,Rè nào,[sound:热闹.mp3]
拥挤,Crowded,Yōng jǐ,[sound:拥挤.mp3]
安静,quiet; peaceful; calm,ān jìng,[sound:安静.mp3]
出发,start out; set off,chū fā,[sound:出发.mp3]
遥远,distant; remote,yáo yuǎn,[sound:遥远.mp3]
电梯,elevator,diàn tī,[sound:电梯.mp3]
别墅,villa,bié shù,[sound:别墅.mp3]
座,"(mw for mountains, bridges, tall buildings, etc.); | seat; base; stand",zuò,[sound:座.mp3]
便利,convenient; easy; facilitate,biàn lì,[sound:便利.mp3]
市中心,downtown/city center,shì zhōng xīn,[sound:市中心.mp3]
一共,altogether; in total,yí gòng,[sound:一共.mp3]
层,"(mw for layers, floors of buildings)",céng,[sound:层.mp3]
楼梯,stair;staircase,lóu tī,[sound:楼梯.mp3]
餐厅,dining hall; cafeteria; restaurant,cān tīng,[sound:餐厅.mp3]
阳台,balcony,yáng tái,[sound:阳台.mp3]
书房,study (room),shū fáng,[sound:书房.mp3]
卫生间,restroom; bathroom; water closet (WC),wèi shēng jiān,[sound:卫生间.mp3]
电器,(electrical) appliance,diàn qì,[sound:电器.mp3]
代,generation (mw),dài,[sound:代.mp3]
居住,reside; dwell; to live (in a place) (placed after object),jū zhù,[sound:居住.mp3]
家具,Furniture&nbsp;,jiā jù,[sound:家具.mp3]
这座别墅非常适合三代人一起居住,This villa is very suitable for three generations to live together,zhè zuò bié shù fēi cháng shì hé sān dài rén yī qǐ jū zhù,[sound:这座别墅非常适合三代人一起居住.mp3]
城里虽然热闹但是太拥挤了,"Although it's bustling in the city, its too crowded",chéng lǐ suī rán rè nao dàn shì tài yōng jǐ le,[sound:城里虽然热闹但是太拥挤了.mp3]
每个房间都有家具和电器,Every room has furniture and appliances,měi gè fáng jiān dōu&nbsp;yǒu jiā jù hé diàn qì,[sound:每个房间都有家具和电器.mp3]
有的邻居在郊区上班,Some neighbors work in the suburbs,yǒu de lín jū zài jiāo qū shàng bān,[sound:有的邻居在郊区上班.mp3]
每天晚上我从城里出发开车回家,"Every evening I start from the city, (and i) drive home",měi tiān wǎn shang wǒ cóng chéng lǐ chū fā kāi chē huí jiā,[sound:每天晚上我从城里出发开车回家.mp3]
从一层到三层有楼梯也有电梯,"From the 1st floor to the 3rd floor, there are stairs and also an elevator",cóng yī céng dào sān céng yǒu lóu tī yě yǒu diàn tī,[sound:从一层到三层有楼梯也有电梯.mp3]
有的邻居在家里上班,Some neighbors work from home,yǒu de lín jū zài jiā lǐ shàng bān,[sound:有的邻居在家里上班.mp3]
爸爸妈妈和孩子适合住三层,"The third floor is perfect for the father,mother and child",bà ba mā ma hé hái zi shì hé zhù sān céng,[sound:爸爸妈妈和孩子适合住三层.mp3]
我不喜欢住在城里,I dont like living in the city,wǒ bù xǐ huan zhù zài chéng lǐ,[sound:我不喜欢住在城里.mp3]
第一层是客厅餐厅和厨房,"On the first floor are the living room, dining room and kitchen",dì yī céng shì kè tīng cān tīng hé chú fáng,[sound:第一层是客厅餐厅和厨房.mp3]
这座别墅虽然位于郊区但是交通非常便利,"Although this villa is located in the suburbs, the transportation is very convenient",zhè zuò bié shù suī rán wèi yú jiāo qū dàn shì jiāo tōng fēi cháng biàn lì,[sound:这座别墅虽然位于郊区但是交通非常便利.mp3]
别墅一共有三层,The villa has three levels in total,bié shù yī gòng yǒu sān céng,[sound:别墅一共有三层.mp3]
每天早上我从家出发开车去城里上班,"Every morning i start from home, (and i) drive to the city for work",měi tiān zǎo shang wǒ cóng jiā chū fā kāi chē qù chéng lǐ shàng bān,[sound:每天早上我从家出发开车去城里上班.mp3]
有的邻居在城里上班,Some neighbors work in the city,yǒu de lín jū zài chéng lǐ shàng bān,[sound:有的邻居在城里上班.mp3]
从别墅到市中心只需要半个小时,It takes only half an hour from the villa to downtown,cóng bié shù dào shì zhōng xīn zhǐ xū yào bàn ge xiǎo shí,[sound:从别墅到市中心只需要半个小时.mp3]
每层都有两个卫生间,Every floor has two bathrooms,měi céng dū yǒu liǎng gè wèi shēng jiān,[sound:每层都有两个卫生间.mp3]
第二层是卧室书房和阳台,"On the second floor are the bedroom, study and balcony",dì èr céng shì wò shì shū fáng hé yáng tái,[sound:第二层是卧室书房和阳台.mp3]
故事,story; tale,gù shi,[sound:故事.mp3]
狼,wolf,láng,[sound:狼.mp3]
功夫,kung fu; skill; art; labor,gōng fu,[sound:功夫.mp3]
森林,forest,sēn lín,[sound:森林.mp3]
从前,once apon a time/in the past/previously,cóng qián,[sound:从前.mp3]
美丽,beautiful (formal),měi lì,[sound:美丽.mp3]
王后,queen,wáng hòu,[sound:王后.mp3]
生,to give birth to/unripe,shēng,[sound:生.mp3]
白雪公主,Snow white (character),bái xuě gōng zhǔ,[sound:白雪公主.mp3]
哈里,Harry/Harri (Name),hā lǐ,[sound:哈里.mp3]
作家,author; writer,zuò jiā,[sound:作家.mp3]
魔法师,Magician&nbsp;,Mó fǎ shī,[sound:魔法师.mp3]
回答,to reply; to answer,huí dá,[sound:回答.mp3]
学会,To master sth,Xué huì,[sound:学会.mp3]
我问她您可以给我讲一个故事吗,"I ask her, can YOU tell me a story?",wǒ wèn tā nín kě yǐ gěi wǒ jiǎng yī gè gù shì mǎ,[sound:我问她您可以给我讲一个故事吗.mp3]
从前王后生了一个美丽的公主。他讲道,"Once apon a time, the queen gave birth to a beautiful princess. He says",cóng qián wáng hòu shēng le yī gè měi lì de gōng zhǔ。tā jiǎng dào,[sound:从前王后生了一个美丽的公主。他讲道.mp3]
那个姑娘说我也会魔法,"That young woman says, I know magic too",nà ge gū niang shuō wǒ yě huì mó fǎ,[sound:那个姑娘说我也会魔法.mp3]
我会中国功夫,I can do Chinese Kung Fu,wǒ huì zhōng guó gōng fu,[sound:我会中国功夫.mp3]
白雪公主死了吗孩子问道,"Did Snow White die, The child asks",bái xuě gōng zhǔ sǐ le mǎ hái zi wèn dào,[sound:白雪公主死了吗孩子问道.mp3]
很久以前森林里有一本魔法书。作家写道,"A long long time ago, there was a magic book in the woods. The writer writes",hěn jiǔ yǐ qián sēn lín lǐ yǒu yī běn mó fǎ shū&nbsp; zuò jiā xiě dào,[sound:很久以前森林里有一本魔法书。作家写道.mp3]
我没听过《狼来了》的故事,I haven't heard the story '狼来了‘,wǒ méi tīng guò&nbsp; láng lái le&nbsp; de gù shì,[sound:我没听过《狼来了》的故事.mp3]
哈里学会了什么魔法,What magic did harry learn (master)?,hā lǐ xué huì le shén me mó fǎ,[sound:哈里学会了什么魔法.mp3]
哈里学会了所有的魔法。那个小伙子回答道,Harry learned all of the magic (tricks). That young man replied,hā lǐ xué huì le suǒ yǒu de mó fǎ&nbsp; nà ge xiǎo huǒ zi huí dá dào,[sound:哈里学会了所有的魔法。那个小伙子回答道.mp3]
芭蕾舞,ballet,bā lěi wǔ,[sound:芭蕾舞.mp3]
画家,painter,huà jiā,[sound:画家.mp3]
宇航员,Astronaut,yǔ háng yuán,[sound:宇航员.mp3]
科学家,Scientist,kē xué jiā,[sound:科学家.mp3]
才能,ability/capability/talent,cái néng,[sound:才能.mp3]
能够,to be able/be capable of,néng gòu,[sound:能够.mp3]
实现,to realize/fulfill/carry out sth,shí xiàn,[sound:实现.mp3]
海盗,Pirate&nbsp;,Hǎi dào,[sound:海盗.mp3]
他问我长大以后想干什么,He asked me what I wanted to be when i grew up,tā wèn wǒ zhǎng dà yǐ hòu xiǎng gàn shén me,[sound:他问我长大以后想干什么.mp3]
她的愿望是不当海盗,Her wish is to not be a pirate,tā de yuàn wàng shì bú dàng hǎi dào,[sound:她的愿望是不当海盗.mp3]
他实现了成为宇航员的梦想,He realised his dream of becoming an astronout,tā shí xiàn le chéng wéi yǔ háng yuán de mèng xiǎng,[sound:他实现了成为宇航员的梦想.mp3]
爸爸问我以后想当什么,Dad asked me what i wanted to be in the future,bà ba wèn wǒ yǐ hòu xiǎng dāng shén me,[sound:爸爸问我以后想当什么.mp3]
她从三岁开始学习芭蕾舞,She had been studying ballet since she was three,tā cóng sān suì kāi shǐ xué xí bā lěi wǔ,[sound:她从三岁开始学习芭蕾舞.mp3]
我的理想是当一名工程师,My aspiration is to be an engineer,wǒ de lǐ xiǎng shì dāng yī míng gōng chéng shī,[sound:我的理想是当一名工程师.mp3]
我问他怎么样才能成为一名记者,I asked him how he could become a journalist,wǒ wèn tā zěn me yàng cái néng chéng wéi yī míng jì zhě,[sound:我问他怎么样才能成为一名记者.mp3]
儿子问他什么时候能够成为一名科学家,The son asked when he could become a scientist,ér zi wèn tā shén me shí hou néng gòu chéng wéi yī míng kē xué jiā,[sound:儿子问他什么时候能够成为一名科学家.mp3]
他们的梦想是回家,Their dream is to come home,tā men de mèng xiǎng shì huí jiā,[sound:他们的梦想是回家.mp3]
我回答说我以后想当一个作家,I replied that I want to be a writer in the future,Wǒ huí dá shuō wǒ yǐ hòu xiǎng dāng yī gè zuò jiā,[sound:我回答说我以后想当一个作家.mp3]
我长大以后想当一名宇航员,I want to be an astronaut when i grow up,wǒ zhǎng dà yǐ hòu xiǎng dāng yī míng yǔ háng yuán,[sound:我长大以后想当一名宇航员.mp3]
她想当一名芭蕾舞演员,She wants to be a ballerina,tā xiǎng dāng yī míng bā lěi wǔ yǎn yuán,[sound:她想当一名芭蕾舞演员.mp3]
什么是你的梦想,What is your dream? (hope),shén me shì nǐ de mèng xiǎng,[sound:什么是你的梦想.mp3]
挺,quite/rather(good),tǐng,[sound:挺.mp3]
特别,exceptionally/special,tè bié,[sound:特别.mp3]
的确,really/indeed/truly,dí què,[sound:的确.mp3]
他有点儿笨,He is a little slow (stupid),tā yǒu diǎn er bèn,[sound:他有点儿笨.mp3]
我和哥哥差不多高,I am about as tall as my older brother,wǒ hé gē ge chà bu duō gāo,[sound:我和哥哥差不多高.mp3]
这辆车特别破,This car is especially damaged,zhè liàng chē tè bié pò,[sound:这辆车特别破.mp3]
明天和今天差不多热,Tomorrow will be about as hot as today,míng tiān hé jīn tiān chà bu duō rè,[sound:明天和今天差不多热.mp3]
厨房里的垃圾桶实在臭,The trash can in the kitchen honestly stinks,chú fáng de lā jī tǒng shí zài chòu,[sound:厨房里的垃圾桶实在臭.mp3]
下雪的时候有点儿冷,It is a little cold when it snows,xià xuě de shí hou yǒu diǎn er lěng,[sound:下雪的时候有点儿冷.mp3]
那个孩子挺聪明,That child is quite smart,nà ge hái zi tǐng cōng ming,[sound:那个孩子挺聪明.mp3]
邻居老王尤其热情,Neighbor Lao Wang is particularly friendly,lín jū lǎo wáng yóu qí rè qíng,[sound:邻居老王尤其热情.mp3]
小李十分认真,Xiao Li is 100% dedicated,xiǎo lǐ shí fēn rèn zhēn,[sound:小李十分认真.mp3]
好看,good-looking,hǎo kàn,[sound:好看.mp3]
不太,not very,bú tài,[sound:不太.mp3]
这个冰淇淋只是好看不太好吃,"This ice cream only looks good, (but) is not very tasty",zhè ge bīng qí lín zhǐ shì hǎo kàn bú tài hǎo chī,[sound:这个冰淇淋只是好看不太好吃.mp3]
你一点儿也不幽默,You have to humor at all,nǐ yī diǎn er yě bù yōu mò,[sound:你一点儿也不幽默.mp3]
今天的主人一点儿也不热情,The host today is not welcoming at all,jīn tiān de zhǔ rén yī diǎn er yě bú rè qíng,[sound:今天的主人一点儿也不热情.mp3]
我的房间只是乱不太脏,"My room is just messy, not very dirty",wǒ de fáng jiān zhǐ shì luàn bú tài zāng,[sound:我的房间只是乱不太脏.mp3]
牛油果,Avocado,niú yóu guǒ,[sound:牛油果.mp3]
菠萝,Pineapple,bō luó,[sound:菠萝.mp3]
道,mw for courses in a meal/stages in a procedure,dào,[sound:道.mp3]
熟,ripe/done(cooked)/processed,shú,[sound:熟.mp3]
盘子里的菠萝酸得要命,The pineapple on the plate is sour as hell&nbsp;,pán zi lǐ de bō luó suān de yào mìng,[sound:盘子里的菠萝酸得要命.mp3]
客人说这道菜咸得不得了,The guests said this dish was extremely salty,kè rén shuì zhè dào cài xián dé bù dé liǎo,[sound:客人说这道菜咸得不得了.mp3]
这道菜不咸也不淡,This dish is neither salty nor bland,zhè dào cài bù xián yě bú dàn,[sound:这道菜不咸也不淡.mp3]
奶奶种的葡萄甜得很,The grapes my grandma (mother side) grows are super sweet,nǎi nai zhǒng de pú tao tián de hěn,[sound:奶奶种的葡萄甜得很.mp3]
树上的葡萄酸得很,The grapes on the tree are super sour,shù shǎng de pú tao suān de hěn,[sound:树上的葡萄酸得很.mp3]
你买的苹果酸的酸甜的甜,"The apples you bought, some are sour, and some are sweet",nǐ mǎi de píng guǒ suān de suān tián de tián,[sound:你买的苹果酸的酸甜的甜.mp3]
她做的鱼香得不得了,The fish she makes is extremely delicious (appetizing),tā zuò de yú xiāng dé bù dé liǎo,[sound:她做的鱼香得不得了.mp3]
那些牛油果生的生熟的熟,"Those avocados, some are unripe and some are ripe",nà xiē niú yóu guǒ shēng de shēng shú de shú,[sound:那些牛油果生的生熟的熟.mp3]
我的妈呀,oh my god,wǒ de mā ya,[sound:我的妈呀.mp3]
天哪,oh my gosh,tiān na,[sound:天哪.mp3]
竟然,unexpectedly/suprisingly,jìng rán,[sound:竟然.mp3]
小气,mean/petty,xiǎo qì,[sound:小气.mp3]
天哪你的头发这么乱,"oh my gosh, your hair is such a mess",tiān na nǐ de tóu fa zhè me luàn,[sound:天哪你的头发这么乱.mp3]
你怎么这么唠叨,Why are you so nagging,nǐ zěn me zhè me láo dao,[sound:你怎么这么唠叨.mp3]
你今天怎么这么漂亮,How come you are so pretty today,nǐ jīn tiān zěn me zhè me piào liang,[sound:你今天怎么这么漂亮.mp3]
你男朋友竟然这么小气,Your boyfriend is so surprisingly mean,nǐ nán péng you jìng rán zhè me xiǎo qì,[sound:你男朋友竟然这么小气.mp3]
丽丽多么漂亮,How pretty Lili is!,lì lì duō me piào liang,[sound:丽丽多么漂亮.mp3]
我家离你家竟然这么近,My house and your house are so surprisingly close!,wǒ jiā lí nǐ jiā jìng rán zhè me jìn,[sound:我家离你家竟然这么近.mp3]
那辆车怎么这么破,How come that car is in such a bad shape!,nà&nbsp;liàng chē zěn me zhè me pò,[sound:那辆车怎么这么破.mp3]
我的妈呀马老这么严格,"Oh my God, Ma Lao is so strict!",wǒ de mā ya mǎ lǎo zhè me yán gé,[sound:我的妈呀马老这么严格.mp3]
那个小伙子多么帅,How handsome that young man is!,nà ge xiǎo huǒ zi duō me shuài,[sound:那个小伙子多么帅.mp3]
烤,to bake/roast,kǎo,[sound:烤.mp3]
下棋,to play chess,xià qí,[sound:下棋.mp3]
修,to repair,xiū,[sound:修.mp3]
妈妈在厨房里烤面包,Mom is baking bread in the kitchen,mā ma zài chú fáng lǐ kǎo miàn bāo,[sound:妈妈在厨房里烤面包.mp3]
安静孩子还睡着,"Quiet, the child is still sleeping",ān jìng hái zi hái shuì zhe,[sound:安静孩子还睡着.mp3]
大家尝面包了吗,Has everyone tasted the bread?,dà jiā cháng miàn bāo le mǎ,[sound:大家尝面包了吗.mp3]
天还黑着,It is still dark,tiān hái hēi zhe,[sound:天还黑着.mp3]
路还远着,There's still a long way (to go),lù hái yuǎn zhe,[sound:路还远着.mp3]
我醒了但还躺着,I'm awake but still lying (in bed),wǒ xǐng le dàn hái tǎng zhe,[sound:我醒了但还躺着.mp3]
你还想着她,You are still thinking about her,nǐ hái xiǎng zhe tā,[sound:你还想着她.mp3]
院子干净了吗,Is the yard clean yet?,yuàn zi gān jìng le ma,[sound:院子干净了吗.mp3]
面包还烤着,The bead is still in the oven (baking),miàn bāo hái kǎo zhe,[sound:面包还烤着.mp3]
她还打扫着,She is still cleaning (it),tā huán dǎ sǎo zhe,[sound:她还打扫着.mp3]
面包还热着,The bread is still warm,miàn bāo huán rè zhe,[sound:面包还热着.mp3]
我在和他下棋,I am playing chess with him,wǒ zài hé tā xià qí,[sound:我在和他下棋.mp3]
雪还下着,It is still snowing,xuě hái xià zhe,[sound:雪还下着.mp3]
我和他在玩游戏,Me and him are playing games,wǒ hé tā zài wán yóu xì,[sound:我和他在玩游戏.mp3]
记住,to fully memorize something,jì zhu,[sound:记住.mp3]
大海,The sea,dà hǎi,[sound:大海.mp3]
星空,Starry sky,xīng kōng,[sound:星空.mp3]
车牌,license plate,chē pái,[sound:车牌.mp3]
看清楚,to see clearly,kàn qīng chǔ,[sound:看清楚.mp3]
看明白,to see and understand,kān míng bai,[sound:看明白.mp3]
早就,already at an earlier time,zǎo jiù,[sound:早就.mp3]
今天的工作我也没做完,I didn't finish today's work either,jīn tiān de gōng zuò yě méi zuò wán,[sound:今天的工作我也没做完.mp3]
那辆车的车牌你看清楚了吗,"That car's license plate, did you see it clearly?",nà liàng chē de chē pái nǐ kàn qīng chǔ le ma,[sound:那辆车的车牌你看清楚了吗.mp3]
我找到了日记却没找到回忆,I found the journal however (I) didn't find the memories,wǒ zhǎo dào le rì jì què méi zhǎo dào huí yì,[sound:我找到了日记却没找到回忆.mp3]
你们看到大海了吗,Did you guys see the ocean?,nǐ men kān dào dà hǎi le ma,[sound:你们看到大海了吗.mp3]
谁回答错了,Who answered it wrong?,shéi huí dá cuò le,[sound:谁回答错了.mp3]
每个人都回答错了,Everyone answered (it) wrong,měi ge rén dū huí dá cuò le,[sound:每个人都回答错了.mp3]
我没记住,I didn't memorize it,wǒ méi jì zhu,[sound:我没记住.mp3]
只有我一个人没听明白吗,Am I the only one who didn't understand (hearing) it?,zhǐ yǒu wǒ yī gè rén méi tīng míng bai ma,[sound:只有我一个人没听明白吗.mp3]
这道题我没做对,I didn't get this question right,zhè dào tí wǒ méi zuò duì,[sound:这道题我没做对.mp3]
饭早就做好了,The meal has long been ready,fàn zǎo jiù zuò hǎo le,[sound:饭早就做好了.mp3]
设计师,designer,shè jì shī,[sound:设计师.mp3]
在下,myself (humble),zài xià,[sound:在下.mp3]
程序员,Programmer,chéng xù yuán,[sound:程序员.mp3]
职员,office worker,zhí yuán,[sound:职员.mp3]
运动员,Athlete,yùn dòng yuán,[sound:运动员.mp3]
您退休了吗,have YOU retired?,nín tuì xiū le ma,[sound:您退休了吗.mp3]
家兄是一名程序员,My older brother (humble) is a programmer,jiā xiōng shì yī míng chéng xù yuán,[sound:家兄是一名程序员.mp3]
在下免贵姓王,My (humble) last name is Wang,zài xià miǎn guì xìng wáng,[sound:在下免贵姓王.mp3]
请问贵公司在招聘吗,"Excuse me, is YOUR company hiring?",qǐng wèn guì gōng sī zài zhāo pìn ma,[sound:请问贵公司在招聘吗.mp3]
请问贵国的大使馆周末上班吗,"Excuse me, is YOUR country's embassy open on weekends?",qǐng wèn guì guó de dà shǐ guǎn zhōu mò shàng bān ma,[sound:请问贵国的大使馆周末上班吗.mp3]
请问您贵姓,"Excuse me, may i have YOUR last name?",qǐng wèn nín guì xìng,[sound:请问您贵姓.mp3]
您在哪里上班,Where do YOU work?,nín zài nǎ lǐ shàng bān,[sound:您在哪里上班.mp3]
家父也是一名公司职员,My father (humble) is also an office clerk,jiā fù yě shì yī míng gōng sī zhí yuán,[sound:家父也是一名公司职员.mp3]
我下星期能参观贵校吗,May I visit YOUR school (short) next week?,wǒ xià xīng qī néng cān guān guì xiào ma,[sound:我下星期能参观贵校吗.mp3]
家母是一名演员,My mother (humble) is an actress,jiā mǔ shì yī míng yǎn yuán,[sound:家母是一名演员.mp3]
姓名,Full name,xìng míng,[sound:姓名.mp3]
拜托您了,(I) appreciate YOUR help,bài tuō nín le,[sound:拜托您了.mp3]
再会,See you!,zài huì,[sound:再会.mp3]
您慢走,YOU take care!,nín màn zǒu,[sound:您慢走.mp3]
祝贺你,Congratulations (to you)! (formal),zhù hè nǐ,[sound:祝贺你.mp3]
对不起让您久等了,Sorry to keep YOU wating! (formal),duì bu qǐ ràng nín jiǔ děng le,[sound:对不起让您久等了.mp3]
请稍等,Please wait a moment! (formal),qǐng shāo děng,[sound:请稍等.mp3]
请您多关照,Please look out for me (if you would be so kind)!,qǐng nín duō guān zhào,[sound:请您多关照.mp3]
给您添麻烦了,Sorry for causing YOU the trouble!,gěi nín tiān má fan le,[sound:给您添麻烦了.mp3]
欢迎快请进,"Welcome, please come on in!",huān yíng kuài qǐng jìn,[sound:欢迎快请进.mp3]
客人走的时候主人可以说慢走,"When the guests leave, the host can say: Take care",kè rén zǒu de shí hou zhǔ rén kě yǐ shuo màn zǒu,[sound:客人走的时候主人可以说慢走.mp3]
客人来的时候,When the guests arrive,kè rén lái de shí hou,[sound:客人来的时候.mp3]
回答请问您贵姓的时候,When answering: May I have YOUR last name,huí dá qǐng wèn nín guì xìng de shí hou,[sound:回答请问您贵姓的时候.mp3]
问别人姓名的时候,When asking for someone else's full name,wèn bié ren xìng míng de shí hou,[sound:问别人姓名的时候.mp3]
队,row of people/team/squadran,duì,[sound:队.mp3]
衣橱,wardrobe/closet,yī chú,[sound:衣橱.mp3]
高跟鞋,High-heeled shoes,gāo gēn xié,[sound:高跟鞋.mp3]
看出,discern/make out,kàn chū,[sound:看出.mp3]
不同,different/distinct,bù tóng,[sound:不同.mp3]
发出,to send out/give out/emit,fā chū,[sound:发出.mp3]
放进,to put in/into,fàng jìn,[sound:放进.mp3]
走进,to walk in/enter,zǒu jìn,[sound:走进.mp3]
运动鞋,sneakers/sports shoes,yùn dòng xié,[sound:运动鞋.mp3]
连衣裙,woman's dress/gown,lián yī qún,[sound:连衣裙.mp3]
王冠,Crown,Wáng guàn,[sound:王冠.mp3]
她穿起了旗袍,She started wearing the Qipao,tā chuān qǐ le qí páo,[sound:她穿起了旗袍.mp3]
她把连衣裙放回了衣橱,She put the dress back into the closet,tā bǎ lián yī qún fàng huí le yī chú,[sound:她把连衣裙放回了衣橱.mp3]
我给他寄去了一件羽绒服,I mailed him a down jacket,wǒ gěi tā jì qù le yī jiàn yǔ róng fú,[sound:我给他寄去了一件羽绒服.mp3]
这件旗袍发出红色的光,This Qipao glows red,zhè jiàn qí páo fā chū hóng sè de guāng,[sound:这件旗袍发出红色的光.mp3]
她从盒子里拿出一双高跟鞋,She took out a pair of heels out from the box,tā cóng hé zi lǐ ná chū yī shuāng gāo gēn xié,[sound:她从盒子里拿出一双高跟鞋.mp3]
我借来了一条项链,I borrowed a necklace,wǒ jiè lái le yī tiáo xiàng liàn,[sound:我借来了一条项链.mp3]
她把高跟鞋放进盒子里,She puts the heels in the box,tā bǎ gāo gēn xié fàng jìn hé zi lǐ,[sound:她把高跟鞋放进盒子里.mp3]
他取下了王冠,He took off the crown (formal),tā qǔ xià le wáng guān,[sound:他取下了王冠.mp3]
她戴上了王冠,She put on the crown,tā dài shang le wáng guān,[sound:她戴上了王冠.mp3]
她穿着高跟鞋走进房间,She walked into the room in heels,tā chuān zhuó gāo gēn xié zǒu jìn fáng jiān,[sound:她穿着高跟鞋走进房间.mp3]
我的牛仔裤被弟弟拿去了,My jeans were taken away by younger brother,wǒ de niú zǎi kù bèi dì di ná qù le,[sound:我的牛仔裤被弟弟拿去了.mp3]
她穿上了这双高跟鞋,She put on this pair of heels,tā chuān shang le zhè shuāng gāo gēn xié,[sound:她穿上了这双高跟鞋.mp3]
他把旗袍挂进衣橱,He hanged the Qipao in the closet,tā bǎ qí páo guà jìn yī chú,[sound:他把旗袍挂进衣橱.mp3]
妈妈寄来了一双运动鞋,Mom mailed (me) a pair of sneakers,mā ma jì lái le yī shuāng yùn dòng xié,[sound:妈妈寄来了一双运动鞋.mp3]
我给弟弟送去了一条牛仔裤,I sent younger brother a pair of jeans,wǒ gěi dì di sòng qù le yī tiáo niú zǎi kù,[sound:我给弟弟送去了一条牛仔裤.mp3]
姐姐给我送来了一双鞋子,Older sister sent me a pair of boots,jiě jie gěi wǒ sòng lái le yī shuāng xié zi,[sound:姐姐给我送来了一双鞋子.mp3]
我脱下了她的旗袍,I took off her Qipao,wǒ tuō xià le tā de qí páo,[sound:我脱下了她的旗袍.mp3]
他换回了运动鞋,He switched back to the sneakers,tā huàn huí le yùn dòng xié,[sound:他换回了运动鞋.mp3]
你能看出这两双高跟鞋的不同吗,Can you tell the difference (between) these two pairs of heels?,nǐ néng kàn chū zhè liǎng shuāng gāo gēn xié de bù tóng mǎ,[sound:你能看出这两双高跟鞋的不同吗.mp3]
起来,an action that is bottom to top (towards the speaker),qǐ lai,[sound:起来.mp3]
爬,to climp/crawl,pá,[sound:爬.mp3]
灯泡,light bulb,dēng pào,[sound:灯泡.mp3]
明信片,postcard,míng xìn piàn,[sound:明信片.mp3]
那个芭蕾舞演员向我走过来了,That ballet dancer walked over toward me,nà ge bā lěi wǔ yǎn yuán xiàng wǒ zǒu guò lái le,[sound:那个芭蕾舞演员向我走过来了.mp3]
警察把妹妹送回来了,The police sent younger sister back (toward me),jǐng chá bǎ mèi mèi sòng huí lai le,[sound:警察把妹妹送回来了.mp3]
那个程序员突然跳了起来,That programmer suddenly jumped up,nà ge chéng xù yuán tū rán tiào le qǐ lai,[sound:那个程序员突然跳了起来.mp3]
她把明信片寄出来了,She mailed the post card out (to me),tā bǎ míng xìn piàn jì chū lái le,[sound:她把明信片寄出来了.mp3]
他把那盆花搬进来了,He moved that pot of flowers inside (here),tā bǎ nā pén huā bān jìn lái le,[sound:他把那盆花搬进来了.mp3]
我把灯泡取下来了,I got the light bulb taken down (toward me),wǒ bǎ dēng pào qǔ xià lai le,[sound:我把灯泡取下来了.mp3]
孩子突然哭了起来,The child suddenly burst into tears,hái zi tū rán kū le qǐ lai,[sound:孩子突然哭了起来.mp3]
弟弟从一楼爬上来了,Younger brother climbed up (toward me) from the first floor,dì di cóng yī lóu pá shàng lái le,[sound:弟弟从一楼爬上来了.mp3]
他把钥匙从三楼扔下来了,He threw the keys down (toward me) from the third floor,tā bǎ yào shi cóng sān lóu rēng xià lái le,[sound:他把钥匙从三楼扔下来了.mp3]
主人和客人突然打了起来,The host and the guest suddenly started fighting,zhǔ rén hé kè rén tū rán dá le qǐ lai,[sound:主人和客人突然打了起来.mp3]
客人从门口走进来了,The guests walked in (toward me) through the door,kè rén cóng mén kǒu zǒu jìn lái le,[sound:客人从门口走进来了.mp3]
我把照片打印出来了,I got the photos printed out (in front of us),wǒ bǎ zhào piàn dǎ yìn chū lái le,[sound:我把照片打印出来了.mp3]
她拿过来了一本书,She brought a book over (to me),tā ná guò lái le yī běn shū,[sound:她拿过来了一本书.mp3]
老王突然坐了起来,Lao Wang suddenly sat up straight,lǎo wáng tū rán zuò le qǐ lai,[sound:老王突然坐了起来.mp3]
快递,package (express delivery),kuài dì,[sound:快递.mp3]
灯塔,lighthouse,dēng tǎ,[sound:灯塔.mp3]
还,give back/return (verb),huán,[sound:还.mp3]
他朝那座桥走了过去,He walked over toward that bridge,tā cháo nā zuò qiáo zǒu le guò qù,[sound:他朝那座桥走了过去.mp3]
那个运动员朝灯塔游了过去,That athlete swam over toward the lighthouse,nà ge yùn dòng yuán cháo dēng tǎ yóu le guò qù,[sound:那个运动员朝灯塔游了过去.mp3]
那个小伙子想从这里跳上去,That young man wants to jump up (there) from here,nà ge xiǎo huǒ zi xiǎng cóng zhè lǐ tiào shàng qù,[sound:那个小伙子想从这里跳上去.mp3]
请坚持下去,Please keep going! (Don't give up!),qǐng jiān chí xià qù,[sound:请坚持下去.mp3]
球被弟弟扔出去了,The ball was thrown out (there) by younger brother,qiú bèi dì di rēng chū qù le,[sound:球被弟弟扔出去了.mp3]
请唱下去,Please keep singing!,qǐng chàng xià qù,[sound:请唱下去.mp3]
爸爸为什么把他送回去了,Why did father send him back (there),bà ba wèi shén me bǎ tā sòng huí qu le,[sound:爸爸为什么把他送回去了.mp3]
他的妈妈从这里跑出去了,His mother ran out (there) from here,tā de mā ma cóng zhè lǐ pǎo chū qù le,[sound:他的妈妈从这里跑出去了.mp3]
你什么时候把书还回去的,When was it that you returned the book?,nǐ shén me shí hou bǎ shū huán huí qu de,[sound:你什么时候把书还回去的.mp3]
请读下去,Please keep reading,qǐng dú xià qù,[sound:请读下去.mp3]
你能帮我把这个盒子放上去吗,Can you help me put this box up (there)?,nǐ néng bāng wǒ bǎ zhè ge hé zi fàng shàng qù mǎ,[sound:你能帮我把这个盒子放上去吗.mp3]
你敢从这里跳下去吗,You dare to jump down (there) from here?,nǐ gǎn cóng zhè lǐ tiào xià qù mǎ,[sound:你敢从这里跳下去吗.mp3]
车可以开进去吗,Are cars allowed inside (there)?,chē kě yǐ kāi jìn qù ma,[sound:车可以开进去吗.mp3]
我刚才跑下去取快递了,I just ran down (there) to pick a package,wǒ gāng cái páo xià qù qǔ kuài dì le,[sound:我刚才跑下去取快递了.mp3]
吧,"use make suggestions or requests (modal particle,soft tone)",ba,[sound:吧.mp3]
呀,suprise or curiosity (modal particle),ya,[sound:呀.mp3]
快看下雪啦,"Quickly look, its snowing!",kuài kān xià xuě lā,[sound:快看下雪啦.mp3]
我们把它送回去得了,We might as well send it back,wǒ men bǎ tā sòng huí qu dé le,[sound:我们把它送回去得了.mp3]
谁呀,Who (is this?) (suprise),shéi ya,[sound:谁呀.mp3]
车牌号这么长小李没记住吧,"The listance plate number is so long, Xiao Li didn't memorize it, did he?",chē pái háo zhè me cháng xiǎo lǐ méi jì zhu bā,[sound:车牌号这么长小李没记住吧.mp3]
我们到啦,We are here (exclamation),wǒ men dào lā,[sound:我们到啦.mp3]
我从这里爬上去得了,I might as well climb up from here,wǒ cóng zhè lǐ pá shàng qù de le,[sound:我从这里爬上去得了.mp3]
老王呀快请进呀,"Ah, Lao Wang, come on in!",lǎo wáng ya kuài qǐng jìn ya,[sound:老王呀快请进呀.mp3]
今晚不吃饭得了,(I) might as well skip dinner tonight,jīn wǎn bù chī fàn dé le,[sound:今晚不吃饭得了.mp3]
天气这么冷他今天不会来了吧,"It so cold, He's not coming today, is he?",tiān qì zhè me lěng tā jīn tiān bù huì lai le bā,[sound:天气这么冷他今天不会来了吧.mp3]
你离他这么远没听清楚吧,"You were so far away from him, (you) didn't hear (him) clearly, did you?",nǐ chī tā zhè me yuǎn méi tīng qīng chǔ bā,[sound:你离他这么远没听清楚吧.mp3]
小李呀什么事呀,"Ah, Xiao Li, what is it?",xiǎo lǐ ya shén me shì ya,[sound:小李呀什么事呀.mp3]
新房,Newlywed's bedroom,xīn fáng,[sound:新房.mp3]
前女朋友,Ex-girlfriend,qián nǚ péng you,[sound:前女朋友.mp3]
撑,fill to the point of bursting (colloquial),chēng,[sound:撑.mp3]
你怎么答应得那么痛快,Why did you say yes without hesitation!,nǐ zěn me dā ying dé nà me tòng kuài,[sound:你怎么答应得那么痛快.mp3]
他回答得不太聪明,He didn't reply very cleverly,tā huí dá dé bú tài cōng ming,[sound:他回答得不太聪明.mp3]
她昨天来得挺晚,Yesterday she got (here) quite late,tā zuó tiān lái de tǐng wǎn,[sound:她昨天来得挺晚.mp3]
新房布置得很漂亮,The newlywed's bedroom was decorated very beautifully,xīn fáng bù zhì de hěn piào liang,[sound:新房布置得很漂亮.mp3]
昨天聚会吃得怎么样,How did (you) like the food at yesterdays party?,zuó tiān jù huì chī dé zěn me yàng,[sound:昨天聚会吃得怎么样.mp3]
她的前男朋友在婚礼上喝得怎么样,How has her ex-boryfriend's drinking at the wedding?,tā de qián nán péng you zài hūn lǐ shǎng hē dé zěn me yàng,[sound:她的前男朋友在婚礼上喝得怎么样.mp3]
小王的生日过得怎么样,How was Xiao Wang's birthday?,xiǎo wáng de shēng rì guò dé zěn me yàng,[sound:小王的生日过得怎么样.mp3]
他在婚礼上喝得很多,He drank a lot at the wedding&nbsp;,tā zài hūn lǐ shǎng hē de hěn duō,[sound:他在婚礼上喝得很多.mp3]
原来小李跳舞跳得这么棒,As it turns out Xiao Li dances so well!,yuán lái xiǎo lǐ tiào wǔ tiào dé zhè me bàng,[sound:原来小李跳舞跳得这么棒.mp3]
小李怎么走得这么早,How come Xiao Li left so early!,xiǎo lǐ zěn me zǒu dé zhè me zǎo,[sound:小李怎么走得这么早.mp3]
昨天聚会吃得很撑,At yesterday's party (I) ate a lot and got very full,zuó tiān jù huì chī de hěn chēng,[sound:昨天聚会吃得很撑.mp3]
他听故事听得一点儿也不认真,He doesnt listen to stories attentively at all,tā tīng gù shì tīng dé yī diǎn er yě bú rèn zhēn,[sound:他听故事听得一点儿也不认真.mp3]
玫瑰,Rose,méi guī,[sound:玫瑰.mp3]
花儿,Flower (erhua),huā ér,[sound:花儿.mp3]
儿化,Erhua,ér huà,[sound:儿化.mp3]
包儿,Bag (erhua),bāo ér,[sound:包儿.mp3]
猴儿,Monkey (erhua),hóu ér,[sound:猴儿.mp3]
本儿,Notebook (erhua),běn ér,[sound:本儿.mp3]
红色的包儿好看还是黑色的包儿好看,Is the red bag (erhua) or the black one pretty?,hóng sè de bāo ér hǎo kàn hái shi hēi sè de bāo ér hǎo kàn,[sound:红色的包儿好看还是黑色的包儿好看.mp3]
放在桌子上的本儿是谁的,Whose is the notebook (erhua) on the table?,fàng zài zhuō zi shǎng de běn ér shì shéi de,[sound:放在桌子上的本儿是谁的.mp3]
歌儿,Song (erhua),gē er,[sound:歌儿.mp3]
红色的包儿比黑色的包儿好看,The red bag (erhua) is prettier than the black one,hóng sè de bāo ér bǐ hēi sè de bāo ér hǎo kàn,[sound:红色的包儿比黑色的包儿好看.mp3]
挂在墙上的画儿是谁画的,Who painted the painting hung on the wall?,guà zài qiáng shǎng de huà er shì shéi huà de,[sound:挂在墙上的画儿是谁画的.mp3]
花瓶,Flower vase,huā píng,[sound:花瓶.mp3]
书包,Backpack,shū bāo,[sound:书包.mp3]
计算机语言,Coding language,jì suàn jī yǔ yán,[sound:计算机语言.mp3]
你不相信我吗,Dont you believe me?,nǐ bù xiāng xìn wǒ mǎ,[sound:你不相信我吗.mp3]
这里听不到外面的声音,(I) cant hear the sound from outside here,zhè lǐ tīng bu dào wài miàn de shēng yīn,[sound:这里听不到外面的声音.mp3]
这种礼物,This kind of gift,zhè zhǒng lǐ wù,[sound:这种礼物.mp3]
你看不见我吗,Dont you see me?,nǐ kàn bu jiàn wǒ mā,[sound:你看不见我吗.mp3]
一种计算机语言,A coding language,yī zhǒng jì suàn jī yǔ yán,[sound:一种计算机语言.mp3]
游泳比赛里他得了第一,He got first place in the swimming contest,yóu yǒng bǐ sài lǐ tā dé le dì yī,[sound:游泳比赛里他得了第一.mp3]
我听不懂你的话,I dont understand what you say,wǒ tīng bu dǒng nǐ de huà,[sound:我听不懂你的话.mp3]
这样不好,This is not cool,zhè yàng bù hǎo,[sound:这样不好.mp3]
一只小狗从门口走了进来,A puppy walked in through the door,yī zhǐ xiǎo gǒu cóng mén kǒu zǒu le jìn lái,[sound:一只小狗从门口走了进来.mp3]
你说得不对,What you said is not correct,nǐ shuì dé bú duì,[sound:你说得不对.mp3]
我星期五不在家,Im not home on Friday,wǒ xīng qī wǔ bú zài jiā,[sound:我星期五不在家.mp3]
我学不会这种语言,I cant learn this language,wǒ xué bú huì zhè zhǒng yǔ yán,[sound:我学不会这种语言.mp3]
并,Actually... (strengthen negation),bìng,[sound:并.mp3]
一遍,one time(all the way through)/once through,yī biàn,[sound:一遍.mp3]
请你重新写一遍,Please you write (it) again,yī biàn qǐng nǐ chóng xīn xiě yī biàn,[sound:请你重新写一遍.mp3]
我仍然在一家公司做程序员,I'm still (formal) working for a company as a programmer,wǒ réng rán zài yī jiā gōng sī zuò chéng xù yuán,[sound:我仍然在一家公司做程序员.mp3]
三年了她仍然在等你,"Its been three years, and she's still (formal) waiting for you",sān nián le tā réng rán zài děng nǐ,[sound:三年了她仍然在等你.mp3]
他的眼睛这么红刚才肯定哭了,"His eyes are so red, (He) must have just cried",tā de yǎn jing zhè me hóng gāng cái kěn dìng kū le,[sound:他的眼睛这么红刚才肯定哭了.mp3]
我本来计划去日本,I was originally planning on going to Japan,wǒ běn lái jì huà qù rì běn,[sound:我本来计划去日本.mp3]
那个人永远离开了,That person is gone forever,nà gè rén yǒng yuǎn lí kāi le,[sound:那个人永远离开了.mp3]
天这么黑一会儿肯定下雨,"The sky is so dark, it must rain in a while",tiān zhè me hēi yī huì er kěn dìng xià yǔ,[sound:天这么黑一会儿肯定下雨.mp3]
我并不会说英文,Actually I don't speak english,wǒ bìng bú huì shuì yīng wén,[sound:我并不会说英文.mp3]
我本来想周末去她家,I was originally thinking about going to Her place on the weekend,wǒ běn lái xiǎng zhōu mò qù tā jiā,[sound:我本来想周末去她家.mp3]
天终于晴啦,The sky is finally clear!,tiān zhōng yú qíng lā,[sound:天终于晴啦.mp3]
我本来没打算请他,I didnt intend on inviting him,wǒ běn lái méi dǎ suàn qǐng tā,[sound:我本来没打算请他.mp3]
上下,around/about,shàng xià,[sound:上下.mp3]
前后,about/around,qián hòu,[sound:前后.mp3]
至于价格嘛五百块钱左右吧,"As for the price, (its) around 500 Yuan",zhì yú jià gé ma wǔ bǎi kuài qián zuǒ yòu bā,[sound:至于价格嘛五百块钱左右吧.mp3]
每件衬衫五百块钱左右,Each shirt is around 500 Yuan,měi jiàn chèn shān wǔ bǎi kuài qián zuǒ yòu,[sound:每件衬衫五百块钱左右.mp3]
昨天来了一位一米八左右的顾客,A customer who was about 1.8m tall came yesterday,zuó tiān lái le yī wèi yī mǐ bā zuǒ yòu de gù kè,[sound:昨天来了一位一米八左右的顾客.mp3]
十多件衬衫花了一千多块钱,More than ten shirts cost over a thousand Yuan,shí duō jiàn chèn shān huā le yī qiān duō kuài qián,[sound:十多件衬衫花了一千多块钱.mp3]
我想给我的男朋友买一件衬衫,I would like to buy a shirt for my boyfriend&nbsp;,wǒ xiǎng gěi wǒ de nán péng you mǎi yī jiàn chèn shān,[sound:我想给我的男朋友买一件衬衫.mp3]
那位顾客买了十多件这种衬衫,That customer bought more than ten shirts of this kind,nā wèi gù kè mǎi le shí duō jiàn zhè zhǒng chèn shān,[sound:那位顾客买了十多件这种衬衫.mp3]
至于颜色嘛白色或者蓝色都行,"As for the colour, either white of blue would do",zhì yú yán sè ma bái sè huò zhě lán sè doū xíng,[sound:至于颜色嘛白色或者蓝色都行.mp3]
他一米八左右,He is about 1.8m,tā yī mǐ bā zuǒ yòu,[sound:他一米八左右.mp3]
他多高,How tall is he?,tā duō gāo,[sound:他多高.mp3]
工作日,workday,gōng zuò rì,[sound:工作日.mp3]
商场,Shopping mall,shāng chǎng,[sound:商场.mp3]
精明,astute/shrewd,jīng míng,[sound:精明.mp3]
拎,to lift,līn,[sound:拎.mp3]
大包小包,(shopping) bags,dà bāo xiǎo bāo,[sound:大包小包.mp3]
排,line up/arrange/put in order,pái,[sound:排.mp3]
虽然价格便宜了一半但是质量一样好,"Although the price got half as cheap, the quality is as good (as before)",suī rán jià gé biàn yí le yī bàn dàn shì zhì liàng yī yàng hǎo,[sound:虽然价格便宜了一半但是质量一样好.mp3]
很多精明的顾客在这时候疯狂购物,Many shrewd customers go on a shopping spree at this time,hěn duō jīng míng de gù kè zài zhè shí hòu fēng kuáng gòu wù,[sound:很多精明的顾客在这时候疯狂购物.mp3]
蓝衬衫的质量反而比白衬衫好,Instead the quality of the blue shirts is better than the white shirts,lán chèn shān de zhì liàng fǎn ér bǐ bái chèn shān hǎo,[sound:蓝衬衫的质量反而比白衬衫好.mp3]
工作日的顾客反而比周末多,Instead there are more customers on weekdays than on weekends,gōng zuò rì de gù kè fǎn ér bǐ zhōu mò duō,[sound:工作日的顾客反而比周末多.mp3]
春节之后的商场售货员反而比之前更忙,Instead the mall salespersons are busier after the Spring Festival than before,chūn jié zhī hòu de shāng chǎng shòu huò yuán fǎn ér bǐ zhī qián gēng máng,[sound:春节之后的商场售货员反而比之前更忙.mp3]
春节之后的商场顾客反而比之前多,Instead there are more customers in the malls after the Spring Festival than before,chūn jié zhī hòu de shāng chǎng gù kè fǎn ér bǐ zhī qián duō,[sound:春节之后的商场顾客反而比之前多.mp3]
湖,Lake,hú,[sound:湖.mp3]
长江比黄河长多了,The Yangze River is much longer than the Yellow River,cháng jiāng bǐ huáng hé cháng duō le,[sound:长江比黄河长多了.mp3]
大海和湖哪个更深一点儿,A sea and a lake which one is deeper?,dà hǎi hé hú nǎ ge gēng shēn yī diǎn er,[sound:大海和湖哪个更深一点儿.mp3]
森林没有沙漠大,A forest is not as large as a desert,sēn lín méi yǒu shā mò dà,[sound:森林没有沙漠大.mp3]
黄河比长江短多了,The Yellow River is much shorter than the Yangtze River,huáng hé bǐ cháng jiāng duǎn duō le,[sound:黄河比长江短多了.mp3]
中国西部没有东部热,Western China is not as warm as eastern China,zhōng guó xī bù méi yǒu dōng bù rè,[sound:中国西部没有东部热.mp3]
长江和黄河哪个更长一点儿,"The Yangtze River and the Yellow River, which one is longer?",cháng jiāng hé huáng hé nǎ ge gēng cháng yī diǎn er,[sound:长江和黄河哪个更长一点儿.mp3]
今年夏天南方和北方一样热,"This summer, the south is as hot as the north",jīn nián xià tiān nán fāng hé běi fāng yī yàng rè,[sound:今年夏天南方和北方一样热.mp3]
中国南方没有北方冷,Southern China is not as cold as northern China,zhōng guó nán fāng méi yǒu běi fāng lěng,[sound:中国南方没有北方冷.mp3]
积雪,Snow (accumulated),jī xuě,[sound:积雪.mp3]
雪花,Snowflake,xuě huā,[sound:雪花.mp3]
暴风雪,snowstorm/blizzard,bào fēng xuě,[sound:暴风雪.mp3]
气温,Air temperature,qì wēn,[sound:气温.mp3]
飘落,to float down,piāo luò,[sound:飘落.mp3]
将,will/be going to/shall,jiāng,[sound:将.mp3]
天越来越暗,The sky is getting darker and darker,tiān yuè lái yuè àn,[sound:天越来越暗.mp3]
每个季节的天气都不同,The weather of every season is different,měi gè jì jié de tiān qì dū bù tóng,[sound:每个季节的天气都不同.mp3]
我想知道明天是不是刮风,I want to know wether it will be windy tomorrow,wǒ xiǎng zhī dào míng tiān shì bú shì guā fēng,[sound:我想知道明天是不是刮风.mp3]
风刮得越来越大,The wind is getting stronger and stronger,fēng guā dé yuè lái yuè dà,[sound:风刮得越来越大.mp3]
地上的积雪变得越来越厚,The snow on the ground is becoming thicker and thicker,dì shang de jī xuě biàn de yuè lái yuè hòu,[sound:地上的积雪变得越来越厚.mp3]
云越来越厚,The clouds are getting thicker and thicker,yún yuè lái yuè hòu,[sound:云越来越厚.mp3]
气温变得越来越低,The air temperature is becoming getting lower and lower,qì wēn biàn de yuè lái yuè dī,[sound:气温变得越来越低.mp3]
这将是一场暴风雪,This will be a blizzard,zhè jiāng shì yī cháng bào fēng xuě,[sound:这将是一场暴风雪.mp3]
白色的雪花开始飘落,The white snowflakes started to fall,bái sè de xuě huā kāi shǐ piāo luò,[sound:白色的雪花开始飘落.mp3]
我每天都看天气预报,I watch the weather forecast every day,wǒ měi tiān dū kān tiān qì yù bào,[sound:我每天都看天气预报.mp3]
外面开始刮风了,It started to get windy outside,wài miàn kāi shǐ guā fēng le,[sound:外面开始刮风了.mp3]
我喜欢四季变化,I like the change of (four) seasons,wǒ xǐ huan sì jì biàn huà,[sound:我喜欢四季变化.mp3]
不同的季节进行不同的运动,(People) play different sports in different seasons,bù tóng de jì jié jìn xíng bù tóng de yùn dòng,[sound:不同的季节进行不同的运动.mp3]
飓风,hurricane,jù fēng,[sound:飓风.mp3]
暴雨,rainstorm,bào yǔ,[sound:暴雨.mp3]
级,level/grade&nbsp;(school)/rank,jí,[sound:级.mp3]
达,reach/amount to/extend,dá,[sound:达.mp3]
凉爽,nice and cool/pleasently cool,liáng shuǎng,[sound:凉爽.mp3]
冬眠,to hibernate/hibernation,dōng mián,[sound:冬眠.mp3]
短暂,of short duration/brief,duǎn zàn,[sound:短暂.mp3]
寒冷,cold (climate)/frigid,hán lěng,[sound:寒冷.mp3]
度,degrees (mw),dù,[sound:度.mp3]
树叶,leaves,shù yè,[sound:树叶.mp3]
北极的夏天短暂而凉爽,&nbsp;North Pole's summer is short and cool,běi jí de xià tiān duǎn zàn ér liáng shuǎng,[sound:北极的夏天短暂而凉爽.mp3]
一到秋天树叶就变黄了,Leaves turn yellow as soon as autumn comes,yī dào qiū tiān shù yè jiù biàn huáng le,[sound:一到秋天树叶就变黄了.mp3]
一到春天冬眠的动物就醒了,The hibernating animals wake up as soon as the spring comes,yī dào chūn tiān dōng mián de dòng wù jiù xǐng le,[sound:一到春天冬眠的动物就醒了.mp3]
一到夏天这里的气温就超过三十度,The temperature here rises above 30 degrees as soon as summer comes,yī dào xià tiān zhè lǐ de qì wēn jiù chāo guò sān shí dù,[sound:一到夏天这里的气温就超过三十度.mp3]
据天气预报说二十四小时内极可能有一场暴雪,"According to the weather forcast, it's highly possible that there will be a snowstorm in 24 hours",jù tiān qì yù bào shuō&nbsp;èr shí sì xiǎo shí nèi jí kě néng yǒu yī cháng bào xuě,[sound:据天气预报说二十四小时内极可能有一场暴雪.mp3]
据天气预报说这场暴雨极可能持续二十四小时,"According to the weather forecast, this rainstorm is very likely to last 24 hours",jù tiān qì yù bào shuō zhè cháng bào yǔ jí kě néng chí xù èr shí sì xiǎo shí,[sound:据天气预报说这场暴雨极可能持续二十四小时.mp3]
据天气预报说飓风极可能达到十二级,"According to the weather forecast, the hurricane is very likely to reach level 12",jù tiān qì yù bào shuō&nbsp;jù fēng jí kě néng dá dào shí èr jí,[sound:据天气预报说飓风极可能达到十二级.mp3]
飓风之前天气一点儿也不凉爽,"Before the hurricane, the weather was not cool at all",jù fēng zhī qián tiān qì yī diǎn er yě bù liáng shuǎng,[sound:飓风之前天气一点儿也不凉爽.mp3]
暴雪之后天气暖和一点儿了,After the snow storm the weather warmed up a little,bào xuě zhī hòu tiān qì nuǎn huo yī diǎn er le,[sound:暴雪之后天气暖和一点儿了.mp3]
北极只有夏天和冬天两个季节,"The North Pole has only two seasons, summer and winter",běi jí zhǐ yǒu xià tiān hé dōng tiān liǎng gè jì jié,[sound:北极只有夏天和冬天两个季节.mp3]
零下,Below zero,líng xià,[sound:零下.mp3]
结冰,to freeze/ice over,jié bīng,[sound:结冰.mp3]
户外运动,Outdoor sports,hù wài yùn dòng,[sound:户外运动.mp3]
忽然,suddenly/all of a sudden,hū rán,[sound:忽然.mp3]
这几天的天气时好时坏,These days the weather is sometimes good and sometimes bad&nbsp;,zhè jǐ tiān de tiān qì shí hǎo shí huài,[sound:这几天的天气时好时坏.mp3]
最近的气温时高时低,Recently the temperature is sometimes high and sometimes low,zuì jìn de qì wēn shí gāo shí dī,[sound:最近的气温时高时低.mp3]
外面下暴雨现在显然不适合户外运动,"It's storming outside, now is obviously not a good time for outdoor sports",wài miàn xià bào yǔ xiàn zài xiǎn rán bú shì hé hù wài yùn dòng,[sound:外面下暴雨现在显然不适合户外运动.mp3]
他只穿了一件衬衫显然很冷,"He is only wearing a shirt, obviously (he is) cold",tā zhǐ chuān le yī jiàn chèn shān xiǎn rán hěn lěng,[sound:他只穿了一件衬衫显然很冷.mp3]
今天的天气预报显然错了,Today's weather forecast was obviously wrong,jīn tiān de tiān qì yù bào xiǎn rán cuò le,[sound:今天的天气预报显然错了.mp3]
忽然天空中出现一道闪电,"Suddenly, a bolt of lightning appeared in the sky",hū rán tiān kōng zhōng chū xiàn yī dào shǎn diàn,[sound:忽然天空中出现一道闪电.mp3]
外面的雨忽大忽小,The rain outside shifts between heavy and light,wài miàn de yǔ hū dà hū xiǎo,[sound:外面的雨忽大忽小.mp3]
忽然打雷了,"Suddenly, it thundered",hū rán dǎ léi le,[sound:忽然打雷了.mp3]
春天居然下起雪来了,"Suprisingly, it started snowing in spring",chūn tiān jū rán xià qǐ xuě lái le,[sound:春天居然下起雪来了.mp3]
气温零下十度这条河居然没有结冰,"The temperature is -10 degrees, (but) this river is suprisingly not frozen",qì wēn líng xià shí dù zhè tiáo hé jū rán méi yǒu jié bīng,[sound:气温零下十度这条河居然没有结冰.mp3]
长颈鹿,Giraffe,cháng jǐng lù,[sound:长颈鹿.mp3]
鳄鱼,crocodile/alligator,è yú,[sound:鳄鱼.mp3]
草原,Savannah,cǎo yuán,[sound:草原.mp3]
强壮,Strong,qiáng zhuàng,[sound:强壮.mp3]
各种各样,various kinds/all sorts,gè zhǒng gè yàng,[sound:各种各样.mp3]
浓密,dense/murky/thick,nóng mì,[sound:浓密.mp3]
鬃毛,mane (eg lion's),zōng máo,[sound:鬃毛.mp3]
灵巧,nimble/skillful/deft,líng qiǎo,[sound:灵巧.mp3]
斑点,spot/stain/speckle,bān diǎn,[sound:斑点.mp3]
火烈鸟,Flamingo,huǒ liè niǎo,[sound:火烈鸟.mp3]
骆驼,Camel,luò tuo,[sound:骆驼.mp3]
松鼠,Squirrel,sōng shǔ,[sound:松鼠.mp3]
树洞,A Tree hole&nbsp;,shù dòng,[sound:树洞.mp3]
毛茸茸,fluffy/hairy/shaggy,máo rōng rōng,[sound:毛茸茸.mp3]
羽毛,feathers/plumage,yǔ máo,[sound:羽毛.mp3]
驼峰,hump (camel/transportation)/hunchbacked,tuó fēng,[sound:驼峰.mp3]
狮子有浓密的鬃毛,Lions have thick manes,shī zǐ yǒu nóng mì de zōng máo,[sound:狮子有浓密的鬃毛.mp3]
长颈鹿有漂亮的斑点,Giraffes have beautiful spots (on their body),cháng jǐng lù yǒu piào liang de bān diǎn,[sound:长颈鹿有漂亮的斑点.mp3]
大象有灵巧的鼻子,Elephants have nimble trunks,dà xiàng yǒu líng qiǎo de bí zi,[sound:大象有灵巧的鼻子.mp3]
松鼠住在树洞里,Squirrels live in tree holes,sōng shǔ zhù zài shù dòng lǐ,[sound:松鼠住在树洞里.mp3]
地球上生活着各种各样的动物,There are all kinds of animals living on earth,dì qiú shǎng shēng huó zhāo gè zhǒng gè yàng de dòng wù,[sound:地球上生活着各种各样的动物.mp3]
鳄鱼生活在水里,Crocodiles live in water,è yú shēng huó zài shuǐ lǐ,[sound:鳄鱼生活在水里.mp3]
什么动物生活在沼泽里,What animals live in swamps?,shén me dòng wù shēng huó zài zhǎo zé lǐ,[sound:什么动物生活在沼泽里.mp3]
